blockNum,timestamp,TxHash,origin,SENDER,from_token,to_token,quantity_in,quantity_out
13916169,2022-01-01T00:00:20Z,0xb9580c4698228fff6286083584871f1efda642e70d53f7838ca95e27cf82758f,0xbE3524D157DE6977ae5297590692DF17DEABDCd7,0xE592427A0AEce92De3Edee1F18E0157C05861564,USDC,WETH,368451.893403,100.04947215405389
13916169,2022-01-01T00:00:20Z,0xce1b5540500f2b3bd7e57daeffadbb128df563ef3b337697ba8b089ee54e7905,0x8e501652e7A670d0DB94f2e7f43a0CD3A9373c34,0xE592427A0AEce92De3Edee1F18E0157C05861564,USDC,WETH,7348.892457,1.993353935934415
13916169,2022-01-01T00:00:20Z,0x9647778283f2290786e393275b54b15040e667749b2bd0e033f0bed34b4847b6,0x1D95fa100748A5Bf1635e3A2439926053FbA8467,0x1111111254fb6c44bAC0beD2854e76F90643097d,USDC,WETH,47523.200755,12.888429618648498
13916172,2022-01-01T00:01:05Z,0xa9409418a2af7cb2d6203980f16f4233815ff9b07ee80140f601419fa03936a4,0x342cDc554f3f2AfB38D14ddd7e84823F3D113059,0xDef1C0ded9bec7F1a1670819833240f027b25EfF,WETH,USDC,14.84593608160757,54685.215206
13916174,2022-01-01T00:01:23Z,0x87444bf4163d738c05dee5036af523534d21aaf5ac9e44899ebae1c75591b696,0x6ADDE37b42e7Ed125138a60f329c9Df05B2600e8,0x220bdA5c8994804Ac96ebe4DF184d25e5c2196D4,WETH,USDC,1.3381875,4928.390319
13916177,2022-01-01T00:01:52Z,0x1b2d070dc6de14af280c7a5ae4b47559ada63e00dde4283a6a15ebd572c19368,0x8bd3AE628A72ca2f8a833Ef50E76e57c962c8157,0x51399B32CD0186bB32230e24167489f3B2F47870,USDC,WETH,199630.2,54.120499415717546
13916181,2022-01-01T00:02:38Z,0x8d60205ce622a798277d970b8defc8a6cecbef264f8324f5b018249a0e99e6c3,0x805Ba02F89C4C9ce6701eb502ebBBe19941e306F,0xE592427A0AEce92De3Edee1F18E0157C05861564,WETH,USDC,2.6592324056810064,9804.401535
13916182,2022-01-01T00:02:47Z,0x00979d9a3854343aa8081905fe0e2e4636c96e481184ca1524baa773096188ca,0xc632F311084BBA99C96b986B4dEb4848559ad853,0xE592427A0AEce92De3Edee1F18E0157C05861564,USDC,WETH,37347.818825,10.118900949478789
13916183,2022-01-01T00:02:55Z,0xfe6f2b7d3920b460f435009c7d88bddebd3801541dd12a627eca4d7aa677fcfb,0x967d4A16C5b276126125a5E6a0B228C6dD53bA31,0x68b3465833fb72A70ecDF485E0e4C7bD8665Fc45,USDC,WETH,3000.0,0.8127209304287532
13916183,2022-01-01T00:02:55Z,0xc9f8d44d0eb0e579eb3cfb437203c5374b821889c55d0c53c29f52bd18223a0f,0xc21a0e64a7b39A3D41Dd17942d74E63C0Bb6AE12,0xE592427A0AEce92De3Edee1F18E0157C05861564,WETH,USDC,3.571908272819085,13171.450954
13916185,2022-01-01T00:03:25Z,0x18aa3edad5510583c356a5d1931544a45c1e2fa527eb5c3b6ded6066e7ee4fb4,0xA8d3994f9a423BDb5528e320A79695b1d4C33C5a,0x68b3465833fb72A70ecDF485E0e4C7bD8665Fc45,USDC,WETH,366.869248,0.09939368602666208
13916185,2022-01-01T00:03:25Z,0x197c539da46bed679d7d9ed824ad88901c6cc2c2b4a89cde16d42633c2e8fe30,0xD263B093076130d5C2Db662e2237532b6Eb8cc87,0x220bdA5c8994804Ac96ebe4DF184d25e5c2196D4,WETH,USDC,31.78887470431076,117179.373913
13916187,2022-01-01T00:03:53Z,0xb7c8bb03de679bd3e31943921fea3c0810fb2691cb50d1eb604560ac7c4cf588,0xFbE9BAd548Aa72F98B58416AC09B5828ABCF7023,0xE592427A0AEce92De3Edee1F18E0157C05861564,USDC,WETH,67489.794787,18.293169745656172
13916188,2022-01-01T00:04:04Z,0x26ef8aaadbdcbb3ba38443551a6d5c133cd7608c94466695cac3197c2c4012bf,0xe92F359e6F05564849AFa933CE8F62b8007A1d5D,0xDef1C0ded9bec7F1a1670819833240f027b25EfF,WETH,USDC,12.133943228641453,44724.44423
13916191,2022-01-01T00:04:33Z,0x26b67ddb5cf1abc1094d79424ff48345dc3e034f1ade30365d1e1c43da2233af,0xcDbD8d3217a7C699F9b03729B512671839485c27,0x68b3465833fb72A70ecDF485E0e4C7bD8665Fc45,USDC,WETH,21744.096384,5.893761265155298
13916193,2022-01-01T00:04:38Z,0xa76a1db9eaf565d0d70641a58bc6b672852e895ef91af5bd5c7f76169bc36c9f,0xafcB3e1670BdaEB479e8cdAFc333399bC826a003,0x68b3465833fb72A70ecDF485E0e4C7bD8665Fc45,WETH,USDC,8.0,29484.568344
13916194,2022-01-01T00:04:53Z,0xd35e0d3f054c647545a069c8caa30317df61d26fdf0dcbe19560a9ce31ee72ef,0x2e85Cd0802dC48C5757aF532D6EE0E44eABa959A,0x175F7B6B60523a7A8be7dC90334Bc0f9838c73dC,USDC,WETH,98149.01725,26.59879518214565
13916194,2022-01-01T00:04:53Z,0xb85e92581764c248cbceccf9c05e402c317d583cb7c1759d06bfa24474f9cb71,0x77b467EC4CBB0BC7146BF15745f063728E679beE,0x68b3465833fb72A70ecDF485E0e4C7bD8665Fc45,USDC,WETH,5690.0,1.541566634270104
13916195,2022-01-01T00:05:23Z,0x4b3ac7f68c5e9cd65da29ad317c75ca83804bc9db56f124bd5e6062a1e74783a,0xb22df98f07D97Fd7fb396310F95Df4797C924a77,0x68b3465833fb72A70ecDF485E0e4C7bD8665Fc45,WETH,USDC,40.0,147435.617443
13916196,2022-01-01T00:05:30Z,0x10774c4217a3ab64c6e509f69ad423ea30ed628205108c23a7e072ad6a2ed0c7,0x6EB750F5D73f244CC21C2e791a14CDE32af8978d,0x51399B32CD0186bB32230e24167489f3B2F47870,USDC,WETH,519219.8,140.582653271647
13916196,2022-01-01T00:05:30Z,0xe515c8f0e8b82e41e9e9e5f6f17b77b5791623ae237e1935b08415b6536d37c4,0x528BBd338250Cda97fC652f5bFA0ECe3057952E8,0x68b3465833fb72A70ecDF485E0e4C7bD8665Fc45,USDC,WETH,2500.0,0.6759839787520675
13916197,2022-01-01T00:05:42Z,0x4b2a054f7b9aad7395fc10f55536c7581fe75b16b070aa99f0bc986e79d8b645,0xbbD01f9B63aE317c55B9a6837C51Bb2b6394B5d5,0xDef1C0ded9bec7F1a1670819833240f027b25EfF,USDC,WETH,50000.0,13.518468234002679
13916199,2022-01-01T00:05:51Z,0xdccf0bf9b659ba239a2400a9ba2bb6f8686e33303ab25fb4650c3b017a61d2df,0xDD4b74E9079918ACC3370787226E2c046AAF67eD,0x68b3465833fb72A70ecDF485E0e4C7bD8665Fc45,USDC,WETH,1000.0,0.2703458322029845
13916200,2022-01-01T00:05:59Z,0x4831ad8a67321910944162e987a9519445359c54e8a5852f08ad253f24b04244,0x70E4E9508D8f0d18b925b2B077E6389e74Fedc3b,0xDef1C0ded9bec7F1a1670819833240f027b25EfF,WETH,USDC,0.2164607662698794,799.880773
13916201,2022-01-01T00:06:02Z,0xf50268e002b12e77d6ad7f7c3fd9ac02186245dd4d3062c6c346b0bd668cb184,0x00006196242a1D328fe4B636995e796cb6c7a2Ac,0x0000008CF69d25162321FEd9f6789f2A5caDE6bC,WETH,USDC,272.0458,1002670.971506
13916202,2022-01-01T00:06:40Z,0x211169d6376c6addfd7cf33868d8a247f45b0dcfb425d7540444cb17cc6eada2,0x6d3642649B2772D2e8e5e436CF8Aa51C5272f654,0x51399B32CD0186bB32230e24167489f3B2F47870,USDC,WETH,1073475.0,290.91348874735917
13916202,2022-01-01T00:06:40Z,0x28acb9bc23440fa80160babe0b673f0e1b53394820b46b60ec6eeb27b8ac1e31,0x614800dC2C7372F2595E66Ca62CC2FA485f00c20,0xE592427A0AEce92De3Edee1F18E0157C05861564,USDC,WETH,398349.787283,107.59437806998059
13916205,2022-01-01T00:06:52Z,0x8f34b6ade5e31da4bc854dc6c6da2b03c8aa20dbcaa6ae7982a7ac55f90d7f5a,0xa311f7Ca3Eb2Fb98123A807f9b8e4BbbDBDcB2Ee,0xDef1C0ded9bec7F1a1670819833240f027b25EfF,WETH,USDC,3.3688917063286197,12468.251753
13916206,2022-01-01T00:07:07Z,0x3d9e013d665cf20f89731f3ad986bda74c825c6918a5eacabc9ccffd3c87b612,0x1fd34033240C95aaBf73E186A94B9576C6DAB81B,0xA1006d0051a35b0000F961a8000000009eA8d2dB,WETH,USDC,1.4360211087102353,5314.550916
13916207,2022-01-01T00:07:10Z,0x1e02543a32b26f12ef08819060afe81436b5438795b1b83179dbcaae77601d61,0x00000012A16e4217d0B6B947F0966a55F7e5Ef73,0x0000000000005117Dd3A72E64a705198753FDD54,WETH,USDC,92.31886771603344,341465.376716
13916208,2022-01-01T00:07:44Z,0x7713abcdf6e5124e2ce3e90db13b45a1edf3370b80b4b2b37ceec66365a0b559,0x790C59e4A1e07585ef32B2fB72665f41047d9699,0x68b3465833fb72A70ecDF485E0e4C7bD8665Fc45,WETH,USDC,10.0,36964.085124
13916208,2022-01-01T00:07:44Z,0x121512d720bf20f8e2fc7e1de1118b3de4e03578fd0dfde21a504e7c937fba7c,0x536aca55d2f008945C9f1b164D0Dac53463cAA3C,0x68b3465833fb72A70ecDF485E0e4C7bD8665Fc45,WETH,USDC,1.75,6468.235265
13916208,2022-01-01T00:07:44Z,0x364b561d6ef06b6cff0b71abf7edbf91a9f12c5bc0d2009629fdb3cfc2a9f7ef,0x5Cdd56C0931D87a6E50CE6596F0688eE8AD9AB6E,0x68b3465833fb72A70ecDF485E0e4C7bD8665Fc45,WETH,USDC,3.9052108549078164,14433.669236
13916212,2022-01-01T00:08:18Z,0xef5a34ed4faf975f245d7ae3b377d44b5cd54a2f9e4a3512be7e507e21076899,0x17452532c7c7ab04BEe88921f292993481FDbBb1,0x1111111254fb6c44bAC0beD2854e76F90643097d,WETH,USDC,0.39882713245359513,1474.026059
13916216,2022-01-01T00:09:35Z,0xc55af1f0ea4d3bcd2f4ac000a739210bf34524151f6b8bd5cae6712768069f8c,0xEC1e7Cc2495f14Db176b5d6F2DbfBBaA4476c2f7,0x68b3465833fb72A70ecDF485E0e4C7bD8665Fc45,WETH,USDC,2.6193464813381513,9680.663945
13916216,2022-01-01T00:09:35Z,0xbe4dab93ab72eca1a5d54877e91a7f56daf42f37f058eb1d5c0e1758c953b444,0xe127E722f8dd4026cc9886DACE021917f6D76f78,0x68b3465833fb72A70ecDF485E0e4C7bD8665Fc45,USDC,WETH,5000.0,1.3515337002753962
13916216,2022-01-01T00:09:35Z,0x52a2fd7c567b4cb958292c065e33cf92aaaa2d13c23ba620202eaa7a03c31665,0x6dD91BdaB368282dc4Ea4f4beFc831b78a7C38C0,0x68b3465833fb72A70ecDF485E0e4C7bD8665Fc45,WETH,USDC,10.0,36956.005584
13916223,2022-01-01T00:10:01Z,0xc60a5f9ca23170e89d4ccb4059850b8b4f3bc2d9b5aea0eb8bf37692bf464e63,0x88889778402dcf6cF363bB9Ac47f7A2D8E77A2AF,0x68b3465833fb72A70ecDF485E0e4C7bD8665Fc45,WETH,USDC,1.0,3695.34406
13916227,2022-01-01T00:11:25Z,0xf6a712495370c1b7e88d2d0f45d2356668bfe0a99996dafc99d3e00b01f2e99a,0x2Ee36E41387f87B7e6f678A86D1e575b23b996F5,0x4d638adb8c07A78655E9Ae88641c4202774e6584,WETH,USDC,1.285638,4750.806232
13916228,2022-01-01T00:11:31Z,0x7a6575271ee0c7fc363ab5df2331d7ee7b4a846fa9ae9de5d82b6d5af11134c0,0x5Cdd56C0931D87a6E50CE6596F0688eE8AD9AB6E,0x68b3465833fb72A70ecDF485E0e4C7bD8665Fc45,USDC,WETH,95406.954775,25.788722491380984
13916228,2022-01-01T00:11:31Z,0x5ab703c7e7c1f1efce6a049b8897f6651fb6b5ee1999e927001c3e0e06a272f1,0x562E6802E5A7ac16C5CfA7dEBC9022b3b125AEA9,0x51399B32CD0186bB32230e24167489f3B2F47870,WETH,USDC,81.53563685636858,301225.457189
13916228,2022-01-01T00:11:31Z,0xdee2d808b9af660bfa58d6fb1fe1cec9d4ff32935955b70d208dd4d0741364d7,0xA2CA06EC2FD599a41FC1ecEcfEc7c153eeEFF294,0xE592427A0AEce92De3Edee1F18E0157C05861564,WETH,USDC,1.123361555761382,4147.193
13916229,2022-01-01T00:11:43Z,0x1b41f57ef45caf8d4aa3a2286b19f1a0d7e4eafe9000a5a266ff028cd26c71cd,0xb22df98f07D97Fd7fb396310F95Df4797C924a77,0xDef1C0ded9bec7F1a1670819833240f027b25EfF,USDC,WETH,79201.937227,21.427822807833245
13916230,2022-01-01T00:11:52Z,0x19032daf91922f96bf04aa64ce23ac3caccf77670a994441481d100b40f9e89f,0xb44E70aFF6Df027Fbe5f344EFD45e80917d646d1,0xE592427A0AEce92De3Edee1F18E0157C05861564,WETH,USDC,3.747,13838.348393
13916232,2022-01-01T00:12:04Z,0xeb27eb3563b7f973b3a5a668b8223d2696929d845ef68f167a83ef2236d19175,0x62FDe628E733ba7837b5e3D7423258E24C405EC4,0xE592427A0AEce92De3Edee1F18E0157C05861564,USDC,WETH,16196.352242,4.38106267241437
13916233,2022-01-01T00:12:13Z,0xe520bca367dfbf7e8e77b2ad24073b8c00259e91254d7e7befd87182c7c7c7a3,0x1CD062F22D6b999Fc32b1384Fa47ae30A9D09405,0x51399B32CD0186bB32230e24167489f3B2F47870,WETH,USDC,98.12506775067752,362054.146561
13916233,2022-01-01T00:12:13Z,0x4241d517713578204fa2a9a10f2e55ea5d097139598a8aba268bf3eda2b096e0,0xe92F359e6F05564849AFa933CE8F62b8007A1d5D,0xDef1C0ded9bec7F1a1670819833240f027b25EfF,WETH,USDC,3.25959868016287,12014.611902
13916239,2022-01-01T00:12:41Z,0xe972464658fa992cad461bda9f599eea419feb4f363b25274dd3e9d5cd5e7855,0xb09b597785a0589F6f5E249590F92F6CE865eB46,0x220bdA5c8994804Ac96ebe4DF184d25e5c2196D4,USDC,WETH,20070.071608,5.439499070845776
13916239,2022-01-01T00:12:41Z,0x559b19e089aa703aaa845874c41cdbd0e752e0f287a1c9e7343a8b7cae9fd5bd,0xd2F1A44aF45188cB9BE23648d42B98992cc4dEFD,0x68b3465833fb72A70ecDF485E0e4C7bD8665Fc45,USDC,WETH,2925.895287,0.7929397681593132
13916240,2022-01-01T00:13:12Z,0x00cf3a2bb160b981ae15cdfa006fcb970a29e56487e70d0b9e0a613733aad759,0x7202a94A53e4DC11079cEA84883be270557A497d,0xE592427A0AEce92De3Edee1F18E0157C05861564,USDC,WETH,1006.434066,0.2727481816232232
13916242,2022-01-01T00:13:15Z,0x7fc704d8b7775326d79230a625bcac660e10e8bc1e12d4b7529e94de67eb0bfa,0x29e9bab02147b24280e57F8b723846B1C04A8796,0x68b3465833fb72A70ecDF485E0e4C7bD8665Fc45,USDC,WETH,104825.897132,28.39994050144546
13916243,2022-01-01T00:13:21Z,0x8747c1c4751a455171921ea5c70086f0f63065366c4aab0b0420b6f118270bfb,0xF94D7953D44BDCc7A5585a61ED91899eF2D39524,0x80d4230c0a68FC59cb264329D3a717FCAa472a13,USDC,WETH,150662.01024,40.789574432450756
13916243,2022-01-01T00:13:21Z,0x462c320e9d5eb6f7415b8bbec4add9a8c3875c95440f12bb34e08349800a3871,0x62FDe628E733ba7837b5e3D7423258E24C405EC4,0xE592427A0AEce92De3Edee1F18E0157C05861564,USDC,WETH,15995.76969,4.328658002778746
13916244,2022-01-01T00:13:45Z,0xafbe19a5bc18d881738afa233a9e8ee2152ca70786b3ce30ba9b97c43638aa45,0xAb2F4d766e1Bdd5Cbc49b2028786F4497f29e325,0x68b3465833fb72A70ecDF485E0e4C7bD8665Fc45,WETH,USDC,1.8299340853399226,6755.598412
13916245,2022-01-01T00:14:11Z,0xded49d0465c92c2e585d039de71e32f889c75fa87079eb4b1f76d49db0ed48d3,0xaEfdDC394ddd42AA0dF1b8189E27A2c3Bc818989,0x1111111254fb6c44bAC0beD2854e76F90643097d,USDC,WETH,2500.0,0.676522522026372
13916245,2022-01-01T00:14:11Z,0xdb89d82348d2084b07fcfd8b621d5b9a840929de82bcf99e6fda6a5204da8ec5,0x2Bd9Fa21c5b57651CA1E1E7134426526eB60cb10,0x68b3465833fb72A70ecDF485E0e4C7bD8665Fc45,WETH,USDC,0.27087871587407025,1000.0
13916245,2022-01-01T00:14:11Z,0x37f59b89f5efaed9c1c1ca056abb33874cad256528b5f09323f6e3180a8335cf,0xB23a91638BF4E9Ba88AcB1BeA4F81a569a1fcd4c,0xE592427A0AEce92De3Edee1F18E0157C05861564,USDC,WETH,35975.1293,9.734228161903314
13916246,2022-01-01T00:15:11Z,0x600f2a85aac9c5ed5cc78a47920e6626f37baa76d41fb2b5acdb60a41c2038c7,0xe92F359e6F05564849AFa933CE8F62b8007A1d5D,0xDef1C0ded9bec7F1a1670819833240f027b25EfF,WETH,USDC,1.1755754875010496,4340.645645
13916247,2022-01-01T00:15:17Z,0xe069b199480559d76be4077a8705f608b499e0e78936b7053b6378f6ece8bfbb,0x6dD91BdaB368282dc4Ea4f4beFc831b78a7C38C0,0x68b3465833fb72A70ecDF485E0e4C7bD8665Fc45,WETH,USDC,13.0,47993.818024
13916247,2022-01-01T00:15:17Z,0xa41f6b0793fba839c04ff5aa4d4a29eba704851ec0cba3c5eb2032411dd7dc54,0x320cA744599cFdF4F39f43721FbF8c610B4EBc42,0x68b3465833fb72A70ecDF485E0e4C7bD8665Fc45,USDC,WETH,26140.78009,7.074048594887742
13916249,2022-01-01T00:15:40Z,0xbb3ff8b05734bce6669851ad79eb708f0beed5413b840218aa001e251c313b10,0xa72fE32484b3c8f5279214634CA54B0258b3C9Bd,0x68b3465833fb72A70ecDF485E0e4C7bD8665Fc45,WETH,USDC,281.4,1035862.61531
13916249,2022-01-01T00:15:40Z,0x599685c3d99794eab9c63b6f3a9cc1a12eb9d98f46f56f76a860af2660d45630,0x0000000279BE4C78D026D348651E26F3Fcc8CF90,0xE592427A0AEce92De3Edee1F18E0157C05861564,USDC,WETH,276627.243344,75.2376356926305
13916249,2022-01-01T00:15:40Z,0x22d3e33c725932fb8e334564a09d1beebf68d0d487b791e89752a9251c11ab16,0x79071D243055E6d3BF9DbEA842ddA69905fa636F,0xE592427A0AEce92De3Edee1F18E0157C05861564,USDC,WETH,602932.701472,163.568702250265
13916252,2022-01-01T00:16:37Z,0x8ddddfec595d4c6209155965a9213d5f5c8b895a9bc2907f0777598175011534,0x8e5cdd1fAeBEAe48b2b2b05d874de75AE7ad720f,0xE592427A0AEce92De3Edee1F18E0157C05861564,WETH,USDC,2.9181145935021724,10763.7853
13916254,2022-01-01T00:16:44Z,0x1d2f8b191a4511b66b69c0d6b3f6a47ae4e621c97b77a9c51c6e0afb5dd76d3b,0xf3409ec379A805f62A6F48D36afB4793bb799BaB,0xDef1C0ded9bec7F1a1670819833240f027b25EfF,WETH,USDC,23.070168931295555,85074.539123
13916254,2022-01-01T00:16:44Z,0x1d2f8b191a4511b66b69c0d6b3f6a47ae4e621c97b77a9c51c6e0afb5dd76d3b,0xf3409ec379A805f62A6F48D36afB4793bb799BaB,0xDef1C0ded9bec7F1a1670819833240f027b25EfF,WETH,USDC,11.455864984053733,42230.23661
13916254,2022-01-01T00:16:44Z,0xb3d389479c062e98c35a900fb81fe798ca2ad51c55d67eefde2fd3cdd0b998bd,0xD683B78e988BA4bdb9Fa0E2012C4C36B7cC96aaD,0x220bdA5c8994804Ac96ebe4DF184d25e5c2196D4,USDC,WETH,114515.356056,31.02749072007437
13916254,2022-01-01T00:16:44Z,0x47efe1de7b0997c603d2ed76efd2607eb01e0bc8758d27725f4d14324251265e,0x078effD101E9D2403E7fc4a68A287444e5e33151,0x68b3465833fb72A70ecDF485E0e4C7bD8665Fc45,USDC,WETH,100000.0,27.078680929382386
13916255,2022-01-01T00:17:11Z,0xda24b4bcaf791c3c5c5214930f671b774e7985cf1d2cb18905d5c1b2866bea9f,0x9D5025B327E6B863E5050141C987d988c07fd8B2,0x1111111254fb6c44bAC0beD2854e76F90643097d,WETH,USDC,2.8855593734048197,10648.150362
13916255,2022-01-01T00:17:11Z,0xca37ee4fdb73f8557934578282ce6bf05fd7c332c1ed99e6918fae02c2afe6e6,0x53102d489D17b09F9e758742d5D1f67E120f10C2,0x1111111254fb6c44bAC0beD2854e76F90643097d,WETH,USDC,2.3575779108130095,8699.35867
13916255,2022-01-01T00:17:11Z,0xa15b04f0e2ac07c9213aceacd50e33ae13301d368abe20d62690cb3daa97dd20,0x6A9b3e3D95CA45e39cDdA9345de9c1e667a645f1,0x68b3465833fb72A70ecDF485E0e4C7bD8665Fc45,USDC,WETH,2269.459142,0.6144328398681296
13916255,2022-01-01T00:17:11Z,0x8830ea6fdb4bdd30387ab8c6d39ef702714922657d3f059232a88af3e1fd2d61,0x3e278557E4E47815aa25dE5D83E264E34B977B4c,0x68b3465833fb72A70ecDF485E0e4C7bD8665Fc45,USDC,WETH,400.0,0.10829511675936962
13916258,2022-01-01T00:17:49Z,0x0e63f108678880cc32c5a4b62d15b176433fd044387e8caebdc18a3a5a45459c,0x62FDe628E733ba7837b5e3D7423258E24C405EC4,0xE592427A0AEce92De3Edee1F18E0157C05861564,USDC,WETH,18040.014672,4.883867585586714
13916258,2022-01-01T00:17:49Z,0x5439b14e1574e9a8b7099db36d71f78d36801fd853a1a924489d81ec9408896d,0x656Ec8C503Be0d3cAd62ec9eDc69b6ca2F6ed2F8,0xE592427A0AEce92De3Edee1F18E0157C05861564,WETH,USDC,1.6496701412949633,6087.653156
13916260,2022-01-01T00:17:58Z,0x920e9bfd6c30abadb75278e72496243bdec1d1e65c143f23a2f60e062412bea1,0x078effD101E9D2403E7fc4a68A287444e5e33151,0x68b3465833fb72A70ecDF485E0e4C7bD8665Fc45,USDC,WETH,64967.224734,17.58480155169572
13916260,2022-01-01T00:17:58Z,0x2349fae6a2a3d8af0c37896a7d1ec8663a333975cd75c5a127973f89fec38187,0x451419783583E2E1c500f246438BD68E82248911,0xDef1C0ded9bec7F1a1670819833240f027b25EfF,USDC,WETH,297.0,0.08037527553172724
13916260,2022-01-01T00:17:58Z,0x4d759d30a6a45562dee0d6fc28f16bd0068494497964a3b41bfb74d341c5381f,0x9D5025B327E6B863E5050141C987d988c07fd8B2,0x1111111254fb6c44bAC0beD2854e76F90643097d,WETH,USDC,1.6185476435850659,5974.730867
13916260,2022-01-01T00:17:58Z,0x66c5947dfd100d6d1e70cbe680d3103b8d2788c6399dbbb4b3c147e5566e9d10,0x73aCB15641B94695925a4EaD696e2F4359D31804,0x68b3465833fb72A70ecDF485E0e4C7bD8665Fc45,USDC,WETH,3962.25812,1.072303893370303
13916263,2022-01-01T00:19:08Z,0x297ec60e7afeca4764e8f8673402f68ded6b8038e5104c223a353a32938560f8,0x9F985B4BB1b5a3c140BcF260D1C1E38a05acaAE1,0x51399B32CD0186bB32230e24167489f3B2F47870,WETH,USDC,69.73701897018971,257248.793331
13916263,2022-01-01T00:19:08Z,0x540ce02e47d58c5a976fb93dfdb2439fa40a58c5d2138469d93b29ec7ad4bfe0,0x89B537D4E0dE035303Dc1BDae18394f7A6C15c36,0x27239549DD40E1D60F5B80B0C4196923745B1FD2,WETH,USDC,4.146515478308767,15284.32742
13916268,2022-01-01T00:19:42Z,0x217533c75c980892b0e7bb63370fe11dab293178b46bd6405121e79eb3b1a1c4,0x5AA3393e361C2EB342408559309b3e873CD876d6,0x58418d6c83EfAB01ed78b0AC42E55af01eE77DbA,USDC,WETH,172981.264484,46.86099268146054
13916273,2022-01-01T00:20:10Z,0x8aaa00a96d8f6ffba67b9724d990b73952f16528e36f2a48d2c09c502d1af6e3,0x723D5453Fc08769cb454B5B95DB106Bf396C73B3,0x68b3465833fb72A70ecDF485E0e4C7bD8665Fc45,WETH,USDC,2.001025,7382.488725
13916273,2022-01-01T00:20:10Z,0x713540aa8d0355d869ee1ec92636a05c240ce586096a87353387ef45ca44ac1f,0x62FDe628E733ba7837b5e3D7423258E24C405EC4,0x68b3465833fb72A70ecDF485E0e4C7bD8665Fc45,USDC,WETH,2267.589352,0.6140246474578959
13916275,2022-01-01T00:20:40Z,0x7fd7eb12fcbf2dd84007363b8bff8d8f808edc3ca7f2a5c00e9e5236adbb49c2,0xA8E8432a35B9F2E2A2B06d5BFA05cFFD321a0f69,0x68b3465833fb72A70ecDF485E0e4C7bD8665Fc45,WETH,USDC,0.1911230610518797,705.113692
13916275,2022-01-01T00:20:40Z,0xfce58618899a0dbe5086000d57c4074350f85408066137b93b2a532f35be8669,0xc97E11fcFF2e2a370c6AF376ABCdaa0045E31391,0x68b3465833fb72A70ecDF485E0e4C7bD8665Fc45,WETH,USDC,9.5,35045.09146
13916281,2022-01-01T00:21:49Z,0xfb7399e36ab49c7851fc30ff437979b2dc54d813df985dc6a1e3dd600aa0e478,0x0000000098eef1538e32071798a79192A994d026,0xE592427A0AEce92De3Edee1F18E0157C05861564,USDC,WETH,333375.132076,90.20838867240684
13916281,2022-01-01T00:21:49Z,0xda9d0d4b79191a7ed4092b04eafbf82ef87e236e1c6a74f8dea791707f9df590,0x7204b2e3105B74398271276ABBdB5400026b545A,0xDef1C0ded9bec7F1a1670819833240f027b25EfF,USDC,WETH,1982.5,0.5360183096187966
13916283,2022-01-01T00:22:34Z,0xb53f95f0bbd3a9a1267178bfabef16481555801d5c2cadbec080749455e04c98,0x332B669A266905294bAddCa6EeA0C297544D7266,0x68b3465833fb72A70ecDF485E0e4C7bD8665Fc45,WETH,USDC,29.0,107129.942048
13916287,2022-01-01T00:23:02Z,0xb62d427c0b67b2c101aabd621dd524d6e1724013dea4984e97b3709f287bbe8d,0x27607dF15Aa481D31dCEEdc2572ae083809f6995,0xE592427A0AEce92De3Edee1F18E0157C05861564,USDC,WETH,10000.0,2.7049026748027756
13916288,2022-01-01T00:23:18Z,0x4198d25ae9009eba609222ee74c6c1265dd1568480851eb8e499166e634e5b50,0x05A350F9369D253B225500cB300218b61bC6a97c,0x68b3465833fb72A70ecDF485E0e4C7bD8665Fc45,WETH,USDC,16.639117743297906,61444.559915
13916289,2022-01-01T00:23:22Z,0xe738feab5982b468a474cde69f1b93b478738e67b47592360f9c01c6df793651,0xe92F359e6F05564849AFa933CE8F62b8007A1d5D,0xDef1C0ded9bec7F1a1670819833240f027b25EfF,USDC,WETH,2569.825845,0.695321619956076
13916290,2022-01-01T00:23:31Z,0x71734ace5b6f643def3046629135197f144a5d56a78b4da51af4343a266893dc,0x99ADb7e1E316A0Dcd3F5B4C5AaC6D0bca83E29df,0xE592427A0AEce92De3Edee1F18E0157C05861564,USDC,WETH,200.408664,0.054224462949893186
13916292,2022-01-01T00:23:43Z,0xeebcfca027425e2f440f3c24fca435bd443d6b78b9392a984396075031b95a20,0xAb2F4d766e1Bdd5Cbc49b2028786F4497f29e325,0x68b3465833fb72A70ecDF485E0e4C7bD8665Fc45,USDC,WETH,6755.598412,1.8278239975412447
13916301,2022-01-01T00:25:14Z,0x3bc51bc7af2f6fef5325d44a033fe203e32ffe16966b39e8cf3a6974cdb1adf8,0xd2F1A44aF45188cB9BE23648d42B98992cc4dEFD,0x68b3465833fb72A70ecDF485E0e4C7bD8665Fc45,USDC,WETH,1000.0,0.27055862767272565
13916302,2022-01-01T00:25:53Z,0xab0ea5a1274c8ec247370e1a8d6002ade4454f9da7ce0676acfbae0b10bf9271,0x76a6470dEaA0A2EcEaCbF1348A54087f74d1C40d,0x68b3465833fb72A70ecDF485E0e4C7bD8665Fc45,WETH,USDC,0.1485901914704702,548.649369
13916303,2022-01-01T00:25:56Z,0xa2be59c53484fb3e50c49dc2c84bdb17d6f462ad37ff000fcef153f417123902,0x8660fC7F741Cb63d1BCCA4D78e8ffb7A3A59F4f1,0x68b3465833fb72A70ecDF485E0e4C7bD8665Fc45,WETH,USDC,12.140275791017592,44820.806348
13916303,2022-01-01T00:25:56Z,0x88e004e5a7ea5f820ce61fc36bc125c79f2fddf5305a9a03d1a15ee1cdf3cd53,0xd8d9320Ba876eAc0f5BF9001aE2dC4473630EE5c,0x68b3465833fb72A70ecDF485E0e4C7bD8665Fc45,WETH,USDC,1.5,5537.106094
13916307,2022-01-01T00:26:56Z,0xcc840c9c6a242ee6de8c9ec67e42538a8fdf7ac92ad4bc835de18b70920e4168,0x732F15FBac21413ee4834B01b7Cd31A0FB268764,0x1111111254fb6c44bAC0beD2854e76F90643097d,WETH,USDC,1.2418689301267256,4584.113719
13916307,2022-01-01T00:26:56Z,0xb30fdad5f21dbb30e44f4cb11cb755457a61b2e45b3a6fea11b9a9f10f4f7c4e,0x15B2C6f7f25aD2F096822e54520c51c3a98D0e3d,0x68b3465833fb72A70ecDF485E0e4C7bD8665Fc45,WETH,USDC,11.44,42223.118729
13916308,2022-01-01T00:27:24Z,0x4043793283ec6b74e16a3364534869bff428d62588b928adb6caf7c6aae6ee00,0x6B9dFC960299166Df15aB8a85f054c69e2BE2353,0x2057CfB9fD11837D61B294D514C5bd03e5E7189A,USDC,WETH,99990.500001,27.060251364970206
13916308,2022-01-01T00:27:24Z,0xe8f7967552418879c89c65bbef84835468e8b16ed861b331e6bed4d3167c194f,0x6B006bb4a9897557c2c8dC4AfDF6eb25f6241aeE,0x1111111254fb6c44bAC0beD2854e76F90643097d,USDC,WETH,8000.0,2.164389797427559
13916311,2022-01-01T00:28:01Z,0xd001f0266651a50b0d351ba37323bff576dbb93ffcf10e8d29dfad2ce866c25e,0xAd69f5E87D3da99EA855cb94D01e4b9F2A31dfeB,0x68b3465833fb72A70ecDF485E0e4C7bD8665Fc45,USDC,WETH,158671.798177,42.91088184551239
13916311,2022-01-01T00:28:01Z,0xf1133eef5dd8f724b62a413497671cf88da47479077b0ba73fe35172d12d1411,0xB731D2823F8D904C80560C6F084d35473b70b071,0x68b3465833fb72A70ecDF485E0e4C7bD8665Fc45,USDC,WETH,35250.0,9.529435385176935
13916313,2022-01-01T00:28:21Z,0xb6818ef92386832e88f6885ac920336a4e168e5ab41a2060bed48fb489e21257,0x000000000311eFeac7499441CCcd6186c7545898,0xE592427A0AEce92De3Edee1F18E0157C05861564,USDC,WETH,543802.380999,146.86759514635435
13916314,2022-01-01T00:28:26Z,0x08083be975632e59a96b9178d91e4ca3beff75594fbc97f91c3edbb9560c2fd5,0x6b56A2677Ea445f21C4ded53870248Dc8F19d17D,0x51399B32CD0186bB32230e24167489f3B2F47870,WETH,USDC,153.18124324324327,566590.703858
13916314,2022-01-01T00:28:26Z,0xb6f9c3cb6736ea28268f1198df3be7ac8edc366b27d5af099800a9e940b2a192,0x2a032565e00aCfb4A91898EFa41034a98EA93a74,0x68b3465833fb72A70ecDF485E0e4C7bD8665Fc45,WETH,USDC,2.7467813758636836,10150.0
13916318,2022-01-01T00:29:32Z,0xcaa68e49024e55a86dc1b7022689422359791332ec2b60ed97f674f4202b29d4,0x4fB37c8fe3e269919b07ff5fafCbc4D7Cc018818,0xE592427A0AEce92De3Edee1F18E0157C05861564,WETH,USDC,0.0805,297.461032
13916318,2022-01-01T00:29:32Z,0x9d77ca7c87a26b029ca0a7d1971bf5f64da2772e790bb4b6744e2991132b3867,0xBD3fD7b44CA24741Db067ace1decEe9B164e31CA,0x68b3465833fb72A70ecDF485E0e4C7bD8665Fc45,USDC,WETH,1000.0,0.27035280226787534
13916318,2022-01-01T00:29:32Z,0xc538228b6ab27506575ebdbc11247563b7f1abe4fc9ae752eba1de81ffcd976f,0x2Bd9Fa21c5b57651CA1E1E7134426526eB60cb10,0x68b3465833fb72A70ecDF485E0e4C7bD8665Fc45,WETH,USDC,0.16237390401853552,600.0
13916319,2022-01-01T00:29:59Z,0xbf61dc5d56cc4c40e723fb461aa2ee4f2c97169dccffbe0015f6962ce0becd34,0x53D8a6a3368FFe7B844782D8A037012497110D81,0xe0a9efE32985cC306255b395a1bd06D21ccEAd42,USDC,WETH,340799.183971,92.08274329656578
13916326,2022-01-01T00:31:53Z,0x90980ae59eedfc9547aae7bebb14d395a3c9f5db7c0e3b1992b63f4513352dc3,0x408e92fc105698A76d05c67787A5D5D4CAc19869,0xDef1C0ded9bec7F1a1670819833240f027b25EfF,USDC,WETH,296082.355311,79.91572846905967
13916326,2022-01-01T00:31:53Z,0xe10b3087acb0d68dd2601cea00ac617c74791f8dfa1ddefefaee4c950ce82dcc,0xb1584a8B7A32FE4573FaF3Bc8013Dbb3D9ae16A5,0xDef1C0ded9bec7F1a1670819833240f027b25EfF,WETH,USDC,7.1865625,26610.951858
13916327,2022-01-01T00:32:00Z,0xba69f9e143734645f6e59d2351ff4c54fe85b4308251b29a8079aece032decd9,0xbB2aaC8061Dd8C031132BD7aD708ce68590f7E43,0x51399B32CD0186bB32230e24167489f3B2F47870,WETH,USDC,80.2068292682927,296837.221053
13916328,2022-01-01T00:32:04Z,0x84e535d5495708ac39f1abe64523a2934ec48b934ad33d119db2dca579892593,0x980091040e88FB8edDB3632De86D66802a20cf76,0x51399B32CD0186bB32230e24167489f3B2F47870,WETH,USDC,77.15146341463415,285253.26943
13916329,2022-01-01T00:32:22Z,0x1c4af0a7b382a013fb2be8180e0c17e97d35e351e2f19f7603e4fa22dd7a1b6b,0x8660fC7F741Cb63d1BCCA4D78e8ffb7A3A59F4f1,0x68b3465833fb72A70ecDF485E0e4C7bD8665Fc45,USDC,WETH,45000.0,12.163788660440114
13916329,2022-01-01T00:32:22Z,0xb7738e5cf2a892366ddb49e2f7871e997e6fb40c6f57eda1dbc95870ea521479,0xBd8756f58eD396567cA204132d1FED15470173b3,0x68b3465833fb72A70ecDF485E0e4C7bD8665Fc45,WETH,USDC,4.183698066782942,15462.918415
13916330,2022-01-01T00:32:23Z,0x7152b765d0ff466e99e8df8f7c7a9b7757ee8063b70657df11064fe47decd5f9,0x1A576cfF160aF44DC87ad56824228d221A224070,0xE592427A0AEce92De3Edee1F18E0157C05861564,WETH,USDC,5.443990530402979,20119.728281
13916331,2022-01-01T00:32:39Z,0x17e8287b698b684dfc074d5def3a0aa79b9d0dcbc66b5b2681dfa0cb7ccf1be5,0x872dAa156D3bD4374b999e89C1fCBeEb9b654043,0x68b3465833fb72A70ecDF485E0e4C7bD8665Fc45,USDC,WETH,280000.0,75.65321211662791
13916331,2022-01-01T00:32:39Z,0x222d620c15fcdd3798fb37d4c3affcb9f40df13fd78de709648b78ce3b4673dd,0xB5893a338CE1E5304732D223C703A65125765be2,0x68b3465833fb72A70ecDF485E0e4C7bD8665Fc45,WETH,USDC,0.5,1849.559298
13916337,2022-01-01T00:33:33Z,0x1a8926637b47d8115283dd1c2a87383d92bfd36728d981a03c3673b2c2d35539,0xC5119DB28aDde44A8e1453E733381025a2910f7d,0x2057CfB9fD11837D61B294D514C5bd03e5E7189A,WETH,USDC,7.028968405593995,25999.791048
13916338,2022-01-01T00:34:14Z,0xd0c97927ae38a01d804d732a28bd2f1c15d9eb28d8578dcd7bccff0dd772ba67,0x1a026895485684985438C67316FE6A7671e66D47,0x68b3465833fb72A70ecDF485E0e4C7bD8665Fc45,WETH,USDC,21.046967723131925,77838.286527
13916342,2022-01-01T00:34:38Z,0xc4098f114b0afdf0c35b8544f47b4c9f070b06bc1f94cd01a885b5b288300e9c,0xA1c4F63304E0612EE37B5D509876817C513AFc97,0xDef1C0ded9bec7F1a1670819833240f027b25EfF,WETH,USDC,5.337061287012308,19734.92929
13916343,2022-01-01T00:35:01Z,0x64b378e334238646bdd29483778f62021a43482c0661b146d99394e9df86d9bc,0xa4A6535ec7E3a7a9B8C9F4900CBb9bCBEd41F2ce,0x68b3465833fb72A70ecDF485E0e4C7bD8665Fc45,WETH,USDC,6.761529918318475,25000.3
13916343,2022-01-01T00:35:01Z,0x52aa68eeb99657e7f74349821410e256dd6590238ef054d90171daee4e7af513,0x8CbF3825EE995403291D27DFfDe238C636C469b0,0xDef1C0ded9bec7F1a1670819833240f027b25EfF,WETH,USDC,6.170428462626025,22812.880828
13916348,2022-01-01T00:35:55Z,0xbd70cba58a3c5465110c2fe746b738ca16131cf7fed8983c238c9b19f8153c5f,0x000000470fB730dA7103dee1f5ec3FA3cA7929Ef,0xE592427A0AEce92De3Edee1F18E0157C05861564,USDC,WETH,358766.212939,96.88781419336024
13916362,2022-01-01T00:38:50Z,0x7a24fe45c9391810fe04a7162d85a7961d8b2dba5185bce86ed6d5576582c9fd,0x2bb8731B0b580DdE640589F927A5B068CdF0eea0,0xDef1C0ded9bec7F1a1670819833240f027b25EfF,WETH,USDC,0.6693025595031461,2477.343991
13916362,2022-01-01T00:38:50Z,0x6fe4776ee647d768a32d61e85e517138c578cde1ee1f6f1750fcb701b2af32aa,0xB7eFABE3CcF1Fe30d31FAEbBe327971EeD33C74A,0x68b3465833fb72A70ecDF485E0e4C7bD8665Fc45,WETH,USDC,1.2458190308073465,4611.197285
13916362,2022-01-01T00:38:50Z,0xd99d01fa2eda14bb60ec3ccd7693f71b2e56ec31edd05d3d36d422d51fc78f2a,0xc97a22601a1a96a14e443F7904F5Eb0c907Aa241,0x68b3465833fb72A70ecDF485E0e4C7bD8665Fc45,USDC,WETH,1356.010617,0.3659925793731352
13916363,2022-01-01T00:39:13Z,0xeacc13314938288fbeaaffc2cf06f64a4665c27c3529d6fafa439ed41d9ea2b0,0xC1599a358147A2B2cF85f0A4C09df495B3d7E0E4,0xE592427A0AEce92De3Edee1F18E0157C05861564,USDC,WETH,30000.0,8.096698293241998
13916363,2022-01-01T00:39:13Z,0x540684de4f2f4bf42c103af5ef3b01f82c8f821e5682a79c7b28126e47bf5d77,0x29151005083afC6746dCeCAFb637974f248A3d74,0xE592427A0AEce92De3Edee1F18E0157C05861564,USDC,WETH,524405.942547,141.4023988253406
13916363,2022-01-01T00:39:13Z,0xe9daf560c82d22e7a6f1ee3a80f1cefca257001a03ae5b8536c8a273b6f9ac72,0xb0FE3d791038f52F369f4ce9EaC43A883900F89D,0xEef86c2E49E11345F1a693675dF9a38f7d880C8F,WETH,USDC,19.16457383952542,71055.981946
13916363,2022-01-01T00:39:13Z,0xa29db7a80ccef44747aeff541e6ce83cf119d8972b34e7eef410dee69d41f4ad,0xd933bA95a1A3743AD926922ce6447A20924EaB70,0x68b3465833fb72A70ecDF485E0e4C7bD8665Fc45,WETH,USDC,3.64,13494.047369
13916365,2022-01-01T00:39:45Z,0xed30db30275a2bf6b10844af00221c718261bd9c29e604509d0f51b38f9eaea7,0x408e92fc105698A76d05c67787A5D5D4CAc19869,0xDef1C0ded9bec7F1a1670819833240f027b25EfF,USDC,WETH,250000.0,67.34340466382224
13916365,2022-01-01T00:39:45Z,0x0adc652b14af052105bdd1f3fce112b009f8bd0e086457259aab8ef7f81ad5b7,0xF8251c62C1Bd7AfB71d0441C00aFEA03A3DdF9B6,0x68b3465833fb72A70ecDF485E0e4C7bD8665Fc45,WETH,USDC,50.6,187674.698107
13916371,2022-01-01T00:40:58Z,0x0cd7d1c6fba3611b65d7ecf8be1fe39acb42ecb6b49ef3ed3da48fc9d7a40749,0xd64e141e9E5808B7475F135f0c6796A8Ff8d8d92,0x220bdA5c8994804Ac96ebe4DF184d25e5c2196D4,USDC,WETH,133911.396218,36.07170782055263
13916372,2022-01-01T00:41:02Z,0x19700d9fbb25c4f387449d4d4b123d395a06e530ab76f51960be5fa161a204fb,0xb3fD939BC0856BAF612bfb51FE0ee03B51e7770b,0x911605012f87A3017322c81fCB4C90ADA7C09116,WETH,USDC,4.584629337969784,17006.100269
13916374,2022-01-01T00:41:52Z,0xd75e1981185e7a6d5ca90bf667049f5312390c67c2ab6e4fc10686adb8ab415f,0x8e5cdd1fAeBEAe48b2b2b05d874de75AE7ad720f,0x68b3465833fb72A70ecDF485E0e4C7bD8665Fc45,WETH,USDC,2.7820682109724886,10319.259942
13916378,2022-01-01T00:42:17Z,0xc76e406c603c752ff35a4bcaa04ea9a254219ed49f6d31c43babe22e3e0b3ad9,0xD134055825EFb32523e51eEA32fEa3b73A51c477,0x68b3465833fb72A70ecDF485E0e4C7bD8665Fc45,USDC,WETH,2529.18206,0.6811935635193299
13916381,2022-01-01T00:43:37Z,0x9f2d7f884b8175fd3866a84d5d9fa211c8a8aff1234e02e911ed377447e26c83,0x30651fDe209BdCDfa6bfB67058A4eE0DDeF7Aa64,0x51399B32CD0186bB32230e24167489f3B2F47870,USDC,WETH,306618.4,82.54022317264038
13916381,2022-01-01T00:43:37Z,0xd76dff83e32ea62dcd49998c66249e68f645070353fe9faeb018c75988b41c34,0x07A75Ba044cDAaa624aAbAD27CB95C42510AF4B5,0xE592427A0AEce92De3Edee1F18E0157C05861564,USDC,WETH,185890.459798,50.0
13916382,2022-01-01T00:43:57Z,0x6b99dfe1ea4f3d489e2e5d2ec7eb0d36c0b7f0dacbc322d8434b7568220526d8,0xE088776dEABB472fFD2843E330e79c880A5f979e,0x0000000000007F150Bd6f54c40A34d7C3d5e9f56,WETH,USDC,9.51213311,35337.735158
13916383,2022-01-01T00:44:09Z,0xd8b1016472ad3c0333e7a3387c37a884634364561681130e2d3067a82d34f984,0xb691Ce1DEf24A1cB0D7AAFFD6340aea33F886503,0xEef86c2E49E11345F1a693675dF9a38f7d880C8F,WETH,USDC,10.990008264282169,40822.923226
13916383,2022-01-01T00:44:09Z,0x694cf08002b2031f67f3c1fa56dd93a61fe052a233da1f631cd98eddc98aaa10,0x0b9B71c322C259e384b3117a4c638804a396c074,0x54a9F36E4cB2D0Ff596F87e6eCC1e566C97c4878,WETH,USDC,68.69100107714313,255031.119525
13916383,2022-01-01T00:44:09Z,0xc6a33dd941c39bff771a5c0dd665423e97ca785fc8e404faf83670b59a094dc8,0x787dCC99E3eD2E10Fd778730eB680F29c2F7efb1,0xDef1C0ded9bec7F1a1670819833240f027b25EfF,WETH,USDC,0.614575,2280.776688
13916384,2022-01-01T00:44:18Z,0x215b6dbc6f58f523fd2dd32b1d53cce1ae81d2b4074d3e2132226e4ca2d81241,0xF8251c62C1Bd7AfB71d0441C00aFEA03A3DdF9B6,0x68b3465833fb72A70ecDF485E0e4C7bD8665Fc45,WETH,USDC,40.0,148389.478855
13916389,2022-01-01T00:45:10Z,0x3c3b69431f3ec882f8f88cf5a1cb4bae063efd90542fe6b16046058afe935ad7,0xdb54C90659cA176D58291B993caF49042E86C5B1,0xDef1C0ded9bec7F1a1670819833240f027b25EfF,WETH,USDC,2.88564589548311,10700.677594
13916389,2022-01-01T00:45:10Z,0x6d6ffa557572c342709f7c2a75829d4ab5996232a02be10aad4aca2cda7c76af,0xD4cE6e4B8002ffB938399ef4E123960279cE407F,0x68b3465833fb72A70ecDF485E0e4C7bD8665Fc45,WETH,USDC,2.0715642019118357,7681.506985
13916391,2022-01-01T00:45:28Z,0x5f5aaaef8fb9e402dc82f8fcb7603cc2947b9b8b36a09d63d51400807b71a118,0x4970197593EF5aed9D2C33409b953F5f9bb22563,0x00000000008C4FB1c916E0C88fd4cc402D935e7D,USDC,WETH,1064006.79552,285.9012635319362
13916391,2022-01-01T00:45:28Z,0x341e234c50b271c5f0c952d8897903d2ba1fa61d4b2dbb3b49b3a02472123553,0x07A75Ba044cDAaa624aAbAD27CB95C42510AF4B5,0xE592427A0AEce92De3Edee1F18E0157C05861564,USDC,WETH,373471.088186,100.0
13916391,2022-01-01T00:45:28Z,0x78bedfda1f695cbf01d1b331defd10b9df803188501f20d6436bdc7067cbb834,0x4970197593EF5aed9D2C33409b953F5f9bb22563,0x00000000008C4FB1c916E0C88fd4cc402D935e7D,WETH,USDC,285.9012635319362,1064893.950506
13916392,2022-01-01T00:45:48Z,0x24eb74a032b3ec67abdb3d377d49c69469573ce727a0118a7d2e655455c35448,0x720723842a049C8971624c1363B1E1Ce312694AC,0x68b3465833fb72A70ecDF485E0e4C7bD8665Fc45,USDC,WETH,44990.583411,12.097148690721424
13916393,2022-01-01T00:45:50Z,0xbad8ae54a4ab1f2e51df99dcd1e4acc5143a2f47ddcb2fce6e8fca9130bc6f84,0x346C802df3404BEC2f265603db28B815321251Ee,0x4d638adb8c07A78655E9Ae88641c4202774e6584,WETH,USDC,7.344652,27289.446035
13916394,2022-01-01T00:46:01Z,0x5867a5ea5441602049cf1d3e7147dbd68b33ee26638664ff0079dd2000f31bf9,0x8410BDf29F5aC6682BC5eF31e5C1Cb70e9F413ba,0xE592427A0AEce92De3Edee1F18E0157C05861564,WETH,USDC,1.4227060419791377,5285.707461
13916398,2022-01-01T00:46:25Z,0x9ceb91eae88e86ab8e373b9095f0acc49ba2476f5d26290c1827b0891dd2c03d,0x9E98c83b146DdD85195d9AF12FEe8201DC1950fF,0xDef1C0ded9bec7F1a1670819833240f027b25EfF,USDC,WETH,7500.0,2.0166777206124764
13916399,2022-01-01T00:46:51Z,0x275a1c8868c2f8b3ce1360656aa9fde66f689f9a5508da4622752eb7606e4a72,0xF4387e0a983855a850402a3179eC5a3720089D92,0x68b3465833fb72A70ecDF485E0e4C7bD8665Fc45,WETH,USDC,9.1,33806.72007
13916400,2022-01-01T00:47:06Z,0xdce2d4d3266789f71f87c02638e8efd1c82c27b4c3e2ad67dd67efb47ae6c2dd,0xC1281CB50e5219FEa5e71B751d2Ab178dCf390D0,0x68b3465833fb72A70ecDF485E0e4C7bD8665Fc45,WETH,USDC,0.38,1411.584255
13916405,2022-01-01T00:47:44Z,0xb9d7851fd46eaea9ffbfcec8b4ddd55e9302d0c414694d3bd53012094f323d88,0x02EC5d07150c9A9Ee740E828D8682D1aaa8d8731,0x1111111254fb6c44bAC0beD2854e76F90643097d,WETH,USDC,2.9136515928025504,10822.995416
13916406,2022-01-01T00:48:01Z,0x066f0978f1ccba1a1f10216c2dd351dbbb914863b54ba9a2fa5c35244119e416,0x305bF59bbD7a89cA9CE4d460B0EFb54266d9E6C3,0xE592427A0AEce92De3Edee1F18E0157C05861564,USDC,WETH,300000.0,80.62408684867849
13916406,2022-01-01T00:48:01Z,0x3c25494c4a19e2ecbda1055c883dfacd3bec9e0e42b09ba716e7be60b52c7061,0xC4A675c5041e9687768CE154554D6cdDd2540712,0xE592427A0AEce92De3Edee1F18E0157C05861564,USDC,WETH,110700.295006,29.72031232192206
13916406,2022-01-01T00:48:01Z,0x9ffb0c602d9e293cdf86834aa31cde9745033802978ee207008f806aca1cd169,0x6CF6aEff4e60ca1185F5713bffF7E5a8957755ee,0x68b3465833fb72A70ecDF485E0e4C7bD8665Fc45,WETH,USDC,0.2,744.403276
13916407,2022-01-01T00:48:07Z,0x8883097dd641b3103a76ec70cc85cad05baec4a32b2b35e38a56d533165ef38b,0x6eb99370E21e2B5a6CcD6541eC4DBf6C8CBe9ed1,0x1111111254fb6c44bAC0beD2854e76F90643097d,WETH,USDC,10.0,37216.692657
13916408,2022-01-01T00:48:33Z,0x6c3949e4a6e1e9881d38560ef56c535a060a36fab6885e6f6ddfde8c24846f3a,0x1c3ff92523C0656a32f31507ccEb20857Cc80429,0x7Cf09D7A9A74f746EDcb06949B9d64bCd9D1604f,WETH,USDC,17.32587324715303,64465.062182
13916408,2022-01-01T00:48:33Z,0xab671139ca08d60eb21cc9ea6695cd2860da8a53b194ce94eb038de19135dc7e,0x65b6681Fb1803b3FEBB8CFAa9f51A5B7057264F3,0xE592427A0AEce92De3Edee1F18E0157C05861564,WETH,USDC,0.06341859655449769,235.92657
13916409,2022-01-01T00:48:59Z,0xb6511062887936da9bd788168540706f930b9d4ee23524e13702b50f7440c22f,0x5D981f1fe758721741e6a26CC05c10458ed10A30,0xE592427A0AEce92De3Edee1F18E0157C05861564,USDC,WETH,268566.078364,72.07267173283493
13916410,2022-01-01T00:50:01Z,0x21149eaa01daf1f91230530781d6b64678689a132d4388fe3e3a9ca33d8a272f,0xc207C7b5A4735DE955C4CF844E10bE8c8034d760,0xA75AF537fB853bb432f6A51D47d70e349fffc6Ba,WETH,USDC,30.013292294098257,111770.351143
13916414,2022-01-01T00:50:17Z,0x79139b88b60fd8d81a2aaec8a6f02c2d8c80eae5cacc4d6d5feffc842d019425,0xF8251c62C1Bd7AfB71d0441C00aFEA03A3DdF9B6,0x68b3465833fb72A70ecDF485E0e4C7bD8665Fc45,WETH,USDC,50.0,186065.459205
13916417,2022-01-01T00:51:03Z,0x553e3813cd2781bf14d5145c78259ef477044e5bd918da71533b90b1c5e82b03,0x06E4D4159E5c6C94847683c68D9E010938eDF484,0x220bdA5c8994804Ac96ebe4DF184d25e5c2196D4,USDC,WETH,83130.533451,22.322368818239198
13916418,2022-01-01T00:51:22Z,0xa53202d1378a3d2dd4420eba3ee8f935f2fc9b35f2b87b87a8432affcbbf572c,0x288C58E824834c9648aaB8b4308b8f13dc35c1dC,0x1111111254fb6c44bAC0beD2854e76F90643097d,WETH,USDC,10.7,39812.169938
13916419,2022-01-01T00:51:51Z,0x4e32e961bbb1f7aa859c03dfe8271a56361321481adc1d0ec2a73eb4ed36fdcc,0x76760a97606b9E54f98D3CBf915a8bd9B193e011,0x68b3465833fb72A70ecDF485E0e4C7bD8665Fc45,WETH,USDC,15.055834375529153,56006.011172
13916420,2022-01-01T00:52:06Z,0x09d4f67fcfd7227a98f8b968b1371e0ff0980912b37a8af4fcb2b21dd8ef5ee7,0x5183d153A2431d9d582f54A8b2225a3A78F60e05,0x68b3465833fb72A70ecDF485E0e4C7bD8665Fc45,WETH,USDC,0.3226357479189882,1200.0
13916422,2022-01-01T00:52:26Z,0x508279ca9adc97d664740f6bf84891d648b08f20cb0ae70958497941c8e15ec2,0x61Bc49F10C83604FfD7d0D76D13aDa04B1F7e321,0x220bdA5c8994804Ac96ebe4DF184d25e5c2196D4,USDC,WETH,163933.930958,44.014129900660286
13916423,2022-01-01T00:53:16Z,0x6867254075c2e527146d737ca626dd01a3a1f1c4e673a753b0277749b0753e63,0x5Ca266D4c922206024A743a4821A691965703957,0xDef1C0ded9bec7F1a1670819833240f027b25EfF,USDC,WETH,9000.192284,2.415408606375215
13916423,2022-01-01T00:53:16Z,0xf1827c9f50c09ea443a859c5b68c193a9194d40c90b2882f1cb43ca8be3ffac9,0x1a026895485684985438C67316FE6A7671e66D47,0x68b3465833fb72A70ecDF485E0e4C7bD8665Fc45,USDC,WETH,50000.0,13.416706347224087
13916423,2022-01-01T00:53:16Z,0x1a5a4d5bf3cfbd03cf3a79d6cd7fddad340cf9b13f19a91a806c8ab5f22f652c,0x6492e1D3733041bED1dD5aBe848b6cBF98ee231f,0x68b3465833fb72A70ecDF485E0e4C7bD8665Fc45,WETH,USDC,0.43875,1633.647631
13916423,2022-01-01T00:53:16Z,0x50630fdbd1318d5acd0de40790b48800276465ecc9bf438193fd50dbbe122def,0xDfFC114c1A4d452b5C1B99FdD5238979A0F8C124,0xE592427A0AEce92De3Edee1F18E0157C05861564,WETH,USDC,0.16787157418175871,625.051801
13916425,2022-01-01T00:54:00Z,0x82b07f861ab42a07fd14a4ad10555bd7fe777eb9d4b21ee3907996ef7b78ba58,0xb09b597785a0589F6f5E249590F92F6CE865eB46,0x220bdA5c8994804Ac96ebe4DF184d25e5c2196D4,WETH,USDC,34.65,128974.488766
13916428,2022-01-01T00:54:22Z,0x152cf8369022218a638552be6b11aa612674550c16f585993ef3feed052eec1a,0x8b165Da07a3d684c9Af89B9A17D8F073f480B9aA,0xE592427A0AEce92De3Edee1F18E0157C05861564,USDC,WETH,3724.786172,1.0
13916428,2022-01-01T00:54:22Z,0x04432ed179f67f95b93b4d87f11e951340f21bfade0c2b7898f520790bf183b4,0xfa7eCdd44362cD42844b21296F8B9a8A2Fb3A3da,0x1111111254fb6c44bAC0beD2854e76F90643097d,WETH,USDC,0.5714583151636776,2126.440342
13916428,2022-01-01T00:54:22Z,0x24c9d652484357c54cdc83c311f7fe00f7c44a08d21b4383d8d78ff4136731e2,0x7d989ce97CFF246E23b2c8e9d431e922C3e85dea,0x1111111254fb6c44bAC0beD2854e76F90643097d,WETH,USDC,64.303,239134.568228
13916428,2022-01-01T00:54:22Z,0xc458a3e438f0b355c5d44d7975e3b15d66fac170904f7c9ccf6f7fa56b073f88,0x1c2ef64b96Bff2396842A7750B7504fB20D718dc,0x68b3465833fb72A70ecDF485E0e4C7bD8665Fc45,WETH,USDC,0.02175385897593733,80.852247
13916430,2022-01-01T00:54:43Z,0xe4b1ff3f1ebdb5f8557f02446465874e8860d8c2c6c9828ec40b27c90c2a84b8,0x526cAF9A9f17b1DFC288CB9a1c1b854bc8809eAB,0x68b3465833fb72A70ecDF485E0e4C7bD8665Fc45,USDC,WETH,7440.944066,2.0
13916432,2022-01-01T00:55:42Z,0x005f82c1d6c7670a7b9a4c6cec8d8da5572642f43373fd5226b80a57a6a59766,0x6492e1D3733041bED1dD5aBe848b6cBF98ee231f,0x68b3465833fb72A70ecDF485E0e4C7bD8665Fc45,USDC,WETH,1633.647631,0.4390870806479142
13916432,2022-01-01T00:55:42Z,0x4e43739317dc3f71056a71606fe5aa610d126a4658b4576222fdb096218d8066,0x7d989ce97CFF246E23b2c8e9d431e922C3e85dea,0x220bdA5c8994804Ac96ebe4DF184d25e5c2196D4,USDC,WETH,480109.634093,128.8899811606537
13916434,2022-01-01T00:56:01Z,0x411ca35d9fc4f0bafe5dc5f035e480bd6f84ed37a44087a18d7094009e19290f,0x4970197593EF5aed9D2C33409b953F5f9bb22563,0x00000000008C4FB1c916E0C88fd4cc402D935e7D,USDC,WETH,545327.757824,146.03342868480496
13916434,2022-01-01T00:56:01Z,0xf3a168c3b213ea7f66f820ec7dc97e9aad8db21c9cd7518c699b84210d540311,0x8b165Da07a3d684c9Af89B9A17D8F073f480B9aA,0xE592427A0AEce92De3Edee1F18E0157C05861564,USDC,WETH,552480.637931,147.5576886203192
13916434,2022-01-01T00:56:01Z,0x9a9c7ba773cc51d4669408dde4917fd16cb6337354081bb56f8d97d4fca3b5b5,0x4970197593EF5aed9D2C33409b953F5f9bb22563,0x00000000008C4FB1c916E0C88fd4cc402D935e7D,WETH,USDC,146.03342868480496,546234.75397
13916434,2022-01-01T00:56:01Z,0xdcd4a3749266ad8ba09b283da232d37dd981344438a4e883de47be82cb1c420f,0x4425C20D8e84c48AEbEB116cF7b9838D4833f78D,0xE33CB50a2090211AE988231bA0fbAB9eb6d5eA70,WETH,USDC,6.396265950094875,23892.346383
13916434,2022-01-01T00:56:01Z,0xa96ac52bfc8db6f01282835d512bb8f9f0ee6ed44e50cc51a6df11da1c2bd137,0x6e551048CB8f6f94632206a25628807D76432126,0x00000000C2Cf7648c169b25ef1C217864bFa38cC,WETH,USDC,28.0,104557.530078
13916436,2022-01-01T00:56:20Z,0xf9259213584c9207aa4f4bc19902fd6f51ccc3583902f2c886f62de7cd69b858,0xbbD760a53445A3e63D5d7C3EAf969333D594a743,0x51399B32CD0186bB32230e24167489f3B2F47870,WETH,USDC,153.88142473118282,573678.774427
13916436,2022-01-01T00:56:20Z,0x022f91c563c94674a986d48b831e52392a1cc0b9608acfeb9d504e16293e4de4,0xAE5195823004e2654FBc39A1A8719b62264C6171,0x68b3465833fb72A70ecDF485E0e4C7bD8665Fc45,USDC,WETH,26500.0,7.110602316990946
13916437,2022-01-01T00:56:40Z,0x0a54903511980142d2a2c47db912cf1353ae22e6abda1640e15dde97dc91a987,0x02783BCe65506f47d11e4fb6F500570f5B16AeA0,0x68b3465833fb72A70ecDF485E0e4C7bD8665Fc45,WETH,USDC,0.78,2904.188767
13916444,2022-01-01T00:58:19Z,0x50d9046d734ba2e0554443ca8c90cfc11784defa8fc91975f5c409afd1581d7e,0x408e92fc105698A76d05c67787A5D5D4CAc19869,0xDef1C0ded9bec7F1a1670819833240f027b25EfF,USDC,WETH,250000.0,67.03697828041868
13916445,2022-01-01T00:58:20Z,0xdbf04771ed04d6c8cc16de9576357c18f889ab83b4f82febeea5c0350179729e,0xD1114a27fABF18d447877b626Ab46E2543326bAf,0x51399B32CD0186bB32230e24167489f3B2F47870,WETH,USDC,65.88053763440861,245444.323577
13916445,2022-01-01T00:58:20Z,0x3be501b8ee039a62fee790d88d6ca224657890122ddf4373bac573b8ce20b356,0xdA3264DC4fd3eD9fC6E77Dd4E87631920B189c93,0x68b3465833fb72A70ecDF485E0e4C7bD8665Fc45,USDC,WETH,5260.0,1.4112668467461926
13916445,2022-01-01T00:58:20Z,0xa6e964f4e1b637ccd2ff90401297bf2724ec5a53d38c4ea5dbe14c55a78f5e82,0x5B8568D344995E2825ef707f053c81377Ae1Dd40,0x68b3465833fb72A70ecDF485E0e4C7bD8665Fc45,WETH,USDC,0.5797541219858123,2158.68539
13916446,2022-01-01T00:58:56Z,0x016cbd246ddc035c9ca1ad048190ba9332f7035361bafc56f327ab22c3e89beb,0xe92F359e6F05564849AFa933CE8F62b8007A1d5D,0xE592427A0AEce92De3Edee1F18E0157C05861564,WETH,USDC,9.468029452360499,35250.493369
13916446,2022-01-01T00:58:56Z,0xdeddfbdeda93129c3a1d8144290753259c31bcfc4e0330c5da9e224378121086,0x64171AC3542088070BCC469fc5aEd3635164F19D,0xDef1C0ded9bec7F1a1670819833240f027b25EfF,WETH,USDC,8.8716875,33024.708793
13916446,2022-01-01T00:58:56Z,0x50a1c3acd03b780c6a3fc0e05f2d6bcfe895385f4ea212546353ebae1bde1856,0x958275d79D398f12d5Fa00d13c0a297fFfc898Cb,0x68b3465833fb72A70ecDF485E0e4C7bD8665Fc45,WETH,USDC,1.9,7072.021677
13916449,2022-01-01T00:59:50Z,0xa2ea2112b8cedbd40d71dc37f35e3e8409323295218584ef78aa86e3b007cd23,0x1a026895485684985438C67316FE6A7671e66D47,0x68b3465833fb72A70ecDF485E0e4C7bD8665Fc45,USDC,WETH,60000.0,16.101651790848596
13916449,2022-01-01T00:59:50Z,0x0b417b9f8c92aa9577b235d74a4700452722126da660cda7c96c5fbd51cab5ca,0x3079B0915D366266B3D1D56b852199bc06e87886,0x68b3465833fb72A70ecDF485E0e4C7bD8665Fc45,USDC,WETH,1000.0,0.2683206726148888
13916451,2022-01-01T01:00:13Z,0x6e9b5ac0d4aa5c52ac5f282ce92a5f6bf67be037d61e9139001b8e2b8145c50b,0x5A4D6fB1c80D4d3889aB9193bAe223eaCbdFA1c0,0xE592427A0AEce92De3Edee1F18E0157C05861564,WETH,USDC,0.1486673690217443,553.512705
13916456,2022-01-01T01:00:55Z,0x864a703de73e4bbac7220b5c938395bb527fc30bd31e77b1c17792ee6db3066c,0x4f80b2cD1f550f81581c15F690bDD623F3824c86,0x00000000003b3cc22aF3aE1EAc0440BcEe416B40,WETH,USDC,308.7626650848938,1146297.339909
13916456,2022-01-01T01:00:55Z,0x0a429ee1270afef44fc28aa39813943600c59948502d7263cdee4c9fc9790574,0x1Eaa5811bD0ecE59A998cA7CF8a95c81B865De78,0x220bdA5c8994804Ac96ebe4DF184d25e5c2196D4,WETH,USDC,166.00762371385906,613554.833871
13916456,2022-01-01T01:00:55Z,0xb24d9aeb8d5ee64cbd2f10e4d349e050e017a91400bd8b80c102701b9999a3f4,0x4f80b2cD1f550f81581c15F690bDD623F3824c86,0x00000000003b3cc22aF3aE1EAc0440BcEe416B40,USDC,WETH,1146073.738208,309.3570864498525
13916456,2022-01-01T01:00:55Z,0x1dd541210589853c9e5f44e95bd9458a67098e89288b28349829fbc536220d63,0x97A5370695c5A64004359f43889F398fb4D07fb1,0x68b3465833fb72A70ecDF485E0e4C7bD8665Fc45,WETH,USDC,1.755,6514.148913
13916456,2022-01-01T01:00:55Z,0xdf9b4908d91c89d4803760aac1cecd9f93b51e8471890158f6ff97c4964cd24c,0xF44Ac22D63F6c18Db1133D17DbC4f206Fe860C93,0x1111111254fb6c44bAC0beD2854e76F90643097d,USDC,WETH,4498.943079,1.210870645156344
13916457,2022-01-01T01:01:10Z,0xde50d74593b7e2bf4c0ddfe2e87e2df73e3190be49978383c111f5e17217978d,0x00A2aEbC7E233cd2fFE5AB5856F90f0ad2Fa3CcD,0xE592427A0AEce92De3Edee1F18E0157C05861564,USDC,WETH,183480.234401,49.359512980412546
13916457,2022-01-01T01:01:10Z,0xbc6435af01bc917a8e3f8221f10662a6db3aa7123a02d046f9b448e56b9ff4c6,0x30568C1282f91b43d0B3e6A5737eed71A823608f,0xE592427A0AEce92De3Edee1F18E0157C05861564,WETH,USDC,4.529921375665868,16828.93273
13916457,2022-01-01T01:01:10Z,0xa138c20ed13328eaae88e2f3bde1f27b5373bd230dcbefcd4d8db1e171840f0e,0xB9c6eca23d0Cdb811A5e68A9af00C2087795fFCD,0xE592427A0AEce92De3Edee1F18E0157C05861564,WETH,USDC,0.955922887925486,3551.129648
13916457,2022-01-01T01:01:10Z,0x7b1d82aba0bdab093160a38130623dad3d6baab89927d3d58da7b80cb98c2be3,0x1a026895485684985438C67316FE6A7671e66D47,0x68b3465833fb72A70ecDF485E0e4C7bD8665Fc45,WETH,USDC,1.6,5943.650831
13916460,2022-01-01T01:01:43Z,0x8dfb4aea559e6941cb9a8380b7bb238580b57ba09b71efa489a8f1cee670713d,0x52FeAF87dCf6DA6E5D8E15B0a267D7c24B056D79,0xE592427A0AEce92De3Edee1F18E0157C05861564,USDC,WETH,12168.0,3.272236659922742
13916462,2022-01-01T01:01:49Z,0xb685db36565d0e7229f783f3bec18f0282a8d31bed9ea8dc0bca5a4d3832296c,0x64171AC3542088070BCC469fc5aEd3635164F19D,0x1111111254fb6c44bAC0beD2854e76F90643097d,USDC,WETH,19000.0,5.109108280028102
13916465,2022-01-01T01:02:38Z,0x933e34fb49e2431ea2aec95af804f6069e00afdfdccf0688a72d69a09546a85e,0x4C0f8B1C205172c30945684f3D9fdcf234C2e97F,0xDef1C0ded9bec7F1a1670819833240f027b25EfF,USDC,WETH,1982.5,0.5330670200104926
13916465,2022-01-01T01:02:38Z,0xb79f9536daf7754c9b4abc7aed7955d397015c10d92aa403a9168fc6ba2bdb28,0x2d1EF4aCf4cae6a38950971AaAA15f88D9b3f165,0x68b3465833fb72A70ecDF485E0e4C7bD8665Fc45,WETH,USDC,3.0,11145.722655
13916469,2022-01-01T01:03:13Z,0xa1fbec6aece17bd6b49cbc0f9ad8087b7085435773013d900f0cf65c2c92765a,0xc063974a5C3F2e2532e90E11e6CED845AEfa0F27,0xDef1C0ded9bec7F1a1670819833240f027b25EfF,USDC,WETH,83999.284175,22.582647954444745
13916469,2022-01-01T01:03:13Z,0x481e8c56046125fad8df84bba98a8ef1ea13a145ed1b7c7a5b7f89bcfe6eac2b,0xe67B18B27db897Ff71994A6Ad3890626620e580A,0x68b3465833fb72A70ecDF485E0e4C7bD8665Fc45,WETH,USDC,2.0,7433.257263
13916470,2022-01-01T01:04:02Z,0xc0f602f2db0d628bf60cb81bb65da82afdcba635a6178079273f6dedc08b9363,0xb58555FCBa6479FcED7dE1485eB054943a09af7b,0x00000000003b3cc22aF3aE1EAc0440BcEe416B40,WETH,USDC,284.3791447419278,1054102.834884
13916470,2022-01-01T01:04:02Z,0x48444778dd96deb191d424d80b3b280d58a169e1a5fa27483cd267bbc508dff6,0xfF94930eF7e41d950251048da13E759922248fE4,0xE592427A0AEce92De3Edee1F18E0157C05861564,WETH,USDC,89.47359284181782,330467.764849
13916470,2022-01-01T01:04:02Z,0x9f4640d2b901a854c52195a8d8a5f983f6a7ded8f3b64a4cbb07bf0c1fcc59c1,0xb58555FCBa6479FcED7dE1485eB054943a09af7b,0x00000000003b3cc22aF3aE1EAc0440BcEe416B40,USDC,WETH,1054102.834829,284.57687114614225
13916472,2022-01-01T01:04:38Z,0xdeba5792edfb25e15a7dcbd2426a472f276daeb88284299588f242d5b2a0c1ba,0xA335ADE338308B8e071Cf2c8F3cA5e50F6563C60,0xDef1C0ded9bec7F1a1670819833240f027b25EfF,WETH,USDC,0.3265681905124912,1211.685927
13916473,2022-01-01T01:04:45Z,0x54353b9be29f3f4b6bbf99e5f4ba728b71c6ba88873dea6ab0df6477e7c9fb49,0xAd69f5E87D3da99EA855cb94D01e4b9F2A31dfeB,0x68b3465833fb72A70ecDF485E0e4C7bD8665Fc45,WETH,USDC,0.75,2782.742733
13916474,2022-01-01T01:04:46Z,0xddd6bb066c54bb9d4e55a14177d79b25f835d15e472d4b72f27d65c95ab5c6cd,0xb691Ce1DEf24A1cB0D7AAFFD6340aea33F886503,0xEef86c2E49E11345F1a693675dF9a38f7d880C8F,USDC,WETH,195123.547399,52.51125830248188
13916479,2022-01-01T01:05:44Z,0xbb09d30218757edf686d766c3b3638c732caef746f1b9b10be185dc6dc09b874,0x1Eaa5811bD0ecE59A998cA7CF8a95c81B865De78,0x1111111254fb6c44bAC0beD2854e76F90643097d,USDC,WETH,413048.075393,110.99006178562064
13916479,2022-01-01T01:05:44Z,0x22e682673f82983586e999e2ac923f46d1dd639097d956b36643f9377bc2dabf,0x876db660De545a14aa14bb6069e5b369Cc233241,0x92498F5a2878A2D7d6F29cCDBA5b52273b29a2D9,WETH,USDC,20.41445452082169,75959.217241
13916479,2022-01-01T01:05:44Z,0xa322ca5e3d1d85cca297844c5a3cdc556d9a80893fb4d625e913794205ea0ddb,0x00006196242a1D328fe4B636995e796cb6c7a2Ac,0x0000008CF69d25162321FEd9f6789f2A5caDE6bC,WETH,USDC,40.3841,150179.878362
13916481,2022-01-01T01:05:57Z,0x46ba64cfc7f469fa569fa9c1b9dbb267ee4d267e824f4fb897dc951b8f338389,0x408e92fc105698A76d05c67787A5D5D4CAc19869,0xDef1C0ded9bec7F1a1670819833240f027b25EfF,USDC,WETH,121680.349046,32.690019924725085
13916481,2022-01-01T01:05:57Z,0x5807314206039e54b1aa4c4aa3ffcbc6f5d39d9aafbbd5f7956bfc8d5f48a01b,0x3245A808525D872EE8157c8E068223EB8537423A,0x27239549DD40E1D60F5B80B0C4196923745B1FD2,WETH,USDC,8.87,32990.514541
13916483,2022-01-01T01:06:40Z,0x239277bb35b14bddfd3de026f44cd8cae0ac2b7bd2c7e5015c4c04db2aaa9f11,0xd9D75D9e4d6d5795e24f952b0DdD5980f539765e,0x68b3465833fb72A70ecDF485E0e4C7bD8665Fc45,WETH,USDC,2.334491325094911,8681.869528
13916483,2022-01-01T01:06:40Z,0xf6767f5651908d23a9acf5b8ebc0c7e00fb40050773eb39e3141f7a1b6cdfb69,0xD0c59b17f2070E1c9B4BD3fBe0393D0E878c2a5B,0xE592427A0AEce92De3Edee1F18E0157C05861564,USDC,WETH,2036.115648,0.5469582062431082
13916483,2022-01-01T01:06:40Z,0x4bdd91eb7c9b31b8d2fdf1fc2487ac671f84d5bd6f370a5d1d3c337cbd89a964,0xFC4102a9C55dAFB46dEFD9c9AeFc38beaA273a1d,0x68b3465833fb72A70ecDF485E0e4C7bD8665Fc45,WETH,USDC,0.03,111.567372
13916485,2022-01-01T01:06:48Z,0x4b60cde1d6cff3b346ede8ccef7c327f6b93d925cf1df828a76c98245f1be210,0x439F9eBAb82692ef8fed76b6b139A8161795514C,0x68b3465833fb72A70ecDF485E0e4C7bD8665Fc45,WETH,USDC,25.0,92951.544669
13916491,2022-01-01T01:07:45Z,0x09a13c73f2a050b23df86fdd38409b24dc522ec55a81a1e84563f21a65cb02a6,0xe67B18B27db897Ff71994A6Ad3890626620e580A,0x68b3465833fb72A70ecDF485E0e4C7bD8665Fc45,WETH,USDC,0.8,2973.748167
13916495,2022-01-01T01:08:54Z,0x16ba9efd0302300ca35a68aa6ed2c0bb28cbb07209ce1bb30f70107453199fc5,0xEc11a964019a169d9505B7FFA0B8254643B1a36A,0x68b3465833fb72A70ecDF485E0e4C7bD8665Fc45,USDC,WETH,335.494235,0.09016526720917657
13916496,2022-01-01T01:09:05Z,0x75a34467b2d49225554304d999304b17ddc50a69f771cd7f0fedf0eb3c222c2c,0xA4Ec0b861da15e2AD3496fbd8DBE2Bb8d569B760,0x68b3465833fb72A70ecDF485E0e4C7bD8665Fc45,WETH,USDC,0.1121133672065445,416.743363
13916496,2022-01-01T01:09:05Z,0x63de9199ebfe0ce060f883f8a415678e4111993dea5cbf5e5edd41c6fbde351e,0x5b94C1102096FB49202Bb2f62F46dE6c91628D6d,0x68b3465833fb72A70ecDF485E0e4C7bD8665Fc45,WETH,USDC,2.9593312332640185,11000.0
13916496,2022-01-01T01:09:05Z,0xa792db4400e69c9c501be1996c4300d2002c8a2ecde98a199762bfa6f7f32abb,0x45CB390C7f2E46710856c0Bd0B7944Dee1c42a15,0x68b3465833fb72A70ecDF485E0e4C7bD8665Fc45,USDC,WETH,2457.65,0.6605347117427353
13916496,2022-01-01T01:09:05Z,0x3daa2c894a4a636f79ca17d3d182feb935c20d119f6903294653ed5f70c241e2,0x439F9eBAb82692ef8fed76b6b139A8161795514C,0x68b3465833fb72A70ecDF485E0e4C7bD8665Fc45,USDC,WETH,92932.955292,24.971439355924897
13916497,2022-01-01T01:09:27Z,0xf6544917a15ccdd516fcda691ba8dd4350d2dabc502daa23854be074ac4a674a,0xBEF1BCdf936717f2d9B2e77F9a91da5D483EC2b7,0xDef1C0ded9bec7F1a1670819833240f027b25EfF,USDC,WETH,150.0,0.04029635520848961
13916498,2022-01-01T01:09:38Z,0xe1509b389feb83ce304d41cc599f57f39efab4c4ad00adf8a4b965231f199685,0x98f5B98Feb4a238C2d7550b4bb2c22d9D315335f,0x68b3465833fb72A70ecDF485E0e4C7bD8665Fc45,WETH,USDC,30.43,113128.604305
13916499,2022-01-01T01:10:06Z,0x363544f59455f45f847909489d2e2f98dbecf2480968ee62db022e5b0d4a38b8,0xC4A675c5041e9687768CE154554D6cdDd2540712,0xE592427A0AEce92De3Edee1F18E0157C05861564,USDC,WETH,229432.803219,61.63489006062959
13916499,2022-01-01T01:10:06Z,0xc886046f17ceb80f82ff11ea916a7fad54c84c22c015ea3aeb90644ba9476889,0xfDfEEBC8322BF07Ef9209fE837be8F08D29a04B8,0xDef1C0ded9bec7F1a1670819833240f027b25EfF,USDC,WETH,33630.0,9.028536017095556
13916499,2022-01-01T01:10:06Z,0x29950ac3b90408b55c680c830b47bb3365f559a66f7f30b4d775091862e316b0,0x72892fF2c572F7046A4BE06FeC8A8831492281b7,0x1111111254fb6c44bAC0beD2854e76F90643097d,USDC,WETH,36099.129082,9.689755666196781
13916501,2022-01-01T01:10:32Z,0x6fc0d483462cba4b051f3843739ccf6a02c6d7ea211674ded3fdfef4d3f0b4e2,0x8d7c9AE01050a31972ADAaFaE1A4D682F0f5a5Ca,0x68b3465833fb72A70ecDF485E0e4C7bD8665Fc45,WETH,USDC,0.3198616277901496,1190.553362
13916502,2022-01-01T01:10:52Z,0xf889c8f702e61f2a687df5e72a3f490eabd6979178ff833ecfdb37cce31f77c0,0xA335ADE338308B8e071Cf2c8F3cA5e50F6563C60,0x1111111254fb6c44bAC0beD2854e76F90643097d,WETH,USDC,0.9608368743106246,3576.278226
13916503,2022-01-01T01:11:00Z,0xbee63e17e1f913e91b31f1e6b3df6a57e447bd2aec55128a4d5522874d5d8352,0xe459A56BF8B951bC809D7dc3347A76Eb6875D163,0x68b3465833fb72A70ecDF485E0e4C7bD8665Fc45,USDC,WETH,2504.380431,0.672179721593754
13916504,2022-01-01T01:11:17Z,0x751fe5e7b7d85cc7c9aba456342c53372875442c41aed03886a4add402a5730c,0x583cD88b9D7926357FE6bddF0E8950557fcDA0Ca,0xDef1C0ded9bec7F1a1670819833240f027b25EfF,USDC,WETH,4948.29333,1.3281055564837345
13916504,2022-01-01T01:11:17Z,0x44a6f96efcb57f8a657041430546239955027a255ff89a8f0409f9b64cb3b14b,0x439F9eBAb82692ef8fed76b6b139A8161795514C,0x68b3465833fb72A70ecDF485E0e4C7bD8665Fc45,WETH,USDC,20.0,74429.361575
13916507,2022-01-01T01:11:47Z,0xf2e20eef5da2533b57b905d4fa4c75640bd63158d173fa374c764c8fd430509b,0x408e92fc105698A76d05c67787A5D5D4CAc19869,0xDef1C0ded9bec7F1a1670819833240f027b25EfF,USDC,WETH,150014.956538,40.26292315684348
